case_id,sector,source_strength,primary_evidence,source_url,source_note
RB02-C01,Änderungsschneiderei,medium,true,https://www.reddit.com/r/smallbusiness/comments/1lsca4k/best_pos_system_for_alterationstailoring_business/,Übernommener Betrieb; manuelle Tickets und wöchentliche Lohnübertragung in Tabelle
RB02-C02,Fahrradwerkstatt,medium,true,https://www.reddit.com/r/BikeMechanics/comments/13tkbe7/bike_shop_service_writing_program/,Werkstatt berichtet Papieraufträge und Sortierung nach Prozessstufe als unübersichtlich
RB02-C03,Handyreparatur,medium,true,https://www.reddit.com/r/smallbusiness/comments/eojjme/where_can_i_get_an_economical_pos_system_for_my/,Zehnerteam nennt Reparaturverfolgung und Belegdruck als Hauptbedarf
RB02-C04,Computer- und Handyreparatur,medium,true,https://www.reddit.com/r/smallbusiness/comments/1ji66vh/expanding_from_garage_to_storefront_advice_needed/,Garagenbetrieb vor Umzug in Laden; Rechnungen und Zahlungen über mehrere Wege
RB02-C05,Veranstaltungstechnik-Vermietung,high,true,https://www.reddit.com/r/smallbusiness/comments/1is84o5/software_for_rental_equipment_tracking_and/,Detaillierte Status- und Schadensanforderungen für vermietete Gegenstände
RB02-C06,Stoffhandel,high,true,https://www.reddit.com/r/smallbusiness/comments/1llafnv/best_pos_for_fabric_store/,"Altsoftware; Bruchteile von Yard; Verkauf, Arbeitsaufträge und Onlineshop"
RB02-C07,Boutique,medium,true,https://www.reddit.com/r/smallbusiness/comments/iw7gwt/track_inventorycreate_and_use_skus/,"Inhaberin findet keinen Anfang für SKU-, Etikett- und Scanprozess"
RB02-C08,Individuelle Textilproduktion,high,true,https://www.reddit.com/r/smallbusiness/comments/18xyvaf/erp_or_inventory_management_for_custom_apparel/,"Rohlinge, Varianten, Veredelungsstufen, Einzelstücke und mehrere Verkaufskanäle"
RB02-C09,Fermentierte Lebensmittel,high,true,https://www.reddit.com/r/smallbusiness/comments/r0e6ov/software_for_tracking_small_business_workflow/,Kleinstproduktion dokumentiert jeden Produktionsschritt in Google Sheets
RB02-C10,Misch- und Abfüllbetrieb,medium,true,https://www.reddit.com/r/smallbusiness/comments/1cc2yhw/inventory_tracking_for_small_business_dealing_in/,Bulk-Zutaten werden zu Endprodukten gemischt; Bestandsgenauigkeit reicht nicht mehr
RB02-C11,Getränkeunternehmen,high,true,https://www.reddit.com/r/smallbusiness/comments/1ojaq6t/beverage_company_accountinginventory_software/,Distributorrechnungen und Bestände werden manuell übertragen; zusätzlicher D2C-Kanal geplant
RB02-C12,Kleine Lebensmittelentwicklung und -fertigung,medium,true,https://www.reddit.com/r/smallbusiness/comments/z0v2az/inventory_management_software/,Beschaffung bis Fertigung vollständig in Google Sheets
RB02-C13,Essenslieferdienst,medium,true,https://www.reddit.com/r/smallbusiness/comments/1pui7l0/built_a_whatsapp_order_automation_system/,WhatsApp-Bestellungen wurden manuell in Tabellen kopiert; Autor beschreibt eigene Automatisierung
RB02-C14,Chemikalienlager,high,true,https://www.reddit.com/r/smallbusiness/comments/1udj3wa/inventory_management_system/,25–30 Palettensendungen pro Woche; Sheets und separates Fotohandy für Mengen und Chargen
RB02-C15,Hausgerätereparatur,high,true,https://www.reddit.com/r/smallbusiness/comments/nhsk6t/has_anybody_with_a_service_business_tried_not/,Onlinebuchung vorhanden; Kunden rufen dennoch an; viele Anfragen sind nicht erfüllbar
RB02-C16,Mobile Hundepflege,medium,true,https://www.reddit.com/r/smallbusiness/comments/1n7xg7x/calendly_wasnt_built_for_mobile_service/,Papierkalender trotz Onlinebuchungsversuchen; Wegezeit und Servicegebiet fehlen
RB02-C17,Salon,high,true,https://www.reddit.com/r/smallbusiness/comments/1k6clsc/best_salon_software_for_booking_scheduling_pos/,"Acuity, Square, HubSpot und Docs; Anzahlungen und Kundennotizen müssen manuell abgeglichen werden"
RB02-C18,Kleiner Friseursalon,low,true,https://www.reddit.com/r/smallbusiness/comments/4dn5e5/im_working_with_a_small_hair_salon_that_uses_a/,Kurzer Bericht über Papierterminbuch
RB02-C19,Einzelplatz-Spa,low,false,https://www.reddit.com/r/smallbusiness/comments/1uckotf/hi_salon_owners_what_do_you_use_for_bookings_at/,Kundenbericht über Papierkalender und WhatsApp; Doppelbuchungen; nicht aus erster Hand
RB02-C20,Fahrschule,high,true,https://www.reddit.com/r/smallbusiness/comments/1e6rxwd/alternative_to_daysmart/,"Vier Fahrlehrer, unterschiedliche Arbeitstage, sieben Tage Unterricht und Abholorte"
RB02-C21,Kampfsportschule,medium,true,https://www.reddit.com/r/smallbusiness/comments/1kfxfme/taking_over_martial_arts_studio_looking_for/,Übernahme; jeder Schüler wird monatlich manuell belastet
RB02-C22,Nachhilfeanbieter,high,true,https://www.reddit.com/r/smallbusiness/comments/aczvwy/growing_a_local_tutoring_business/,"Rund 45 Kinder und Eltern pro Woche sowie zehn Tutoren; Termin-, Abrechnungs- und Honorarprozess"
RB02-C23,Mobile Grundstücksreinigung,medium,true,https://www.reddit.com/r/smallbusiness/comments/r7qrri/how_do_i_hire_somebody_i_have_a_pooper_scooper/,Soloanbieter plant erste Einstellung; Routen derzeit über MapQuest
RB02-C24,Hochzeits- und Event-DJ,medium,true,https://www.reddit.com/r/smallbusiness/comments/1u3q2g0/what_takes_up_more_of_your_time_delivering_your/,"Verwaltung mit Anfragen, Nachfassen, Terminierung, Papierkram, Zahlung und Kommunikation dominiert"
RB02-C25,Kunstmarkt-Verkäufer,high,true,https://www.reddit.com/r/smallbusiness/comments/14rwe4v/can_i_make_a_qr_code_to_make_etransfers_easier/,E-Transfer am Marktstand kollidiert mit Verpackungsarbeit und manueller Dateneingabe
RB02-C26,Schilderhersteller,high,true,https://www.reddit.com/r/smallbusiness/comments/1iid94l/need_to_automate_data_extraction_from_orderpo/,Variierende mehrseitige PDF-Aufträge und POs werden in Buchhaltung und Projektsteuerung übertragen
RB02-C27,Kleiner Sanitärbetrieb,high,true,https://www.reddit.com/r/smallbusiness/comments/1kyjfr9/need_software_for_small_plumbing_company/,Sehr traditioneller Chef will nur Dispatch-Ausdruck und einen Bericht; Altsoftware fällt weg
RB02-C28,Sanitärbetrieb,high,true,https://www.reddit.com/r/smallbusiness/comments/ezh7vx/help_handling_all_these_f_receipts/,"Neun Beschäftigte; Belege müssen Konto, Bereich sowie Kunde/Auftrag zugeordnet werden"
RB02-C29,Familien-Sanitärbetrieb,high,true,https://www.reddit.com/r/smallbusiness/comments/1qle6zz/married_couple_running_a_business_together_and_i/,Ehepaar verteilt Feldarbeit und nahezu gesamte Administration; starke Personenabhängigkeit
RB02-C30,Sanitärbüro,high,true,https://www.reddit.com/r/smallbusiness/comments/rb4veq/employee_keeps_missing_work_due_to_emergencies/,"Büro als Papierknoten: Belege, Schecks, Bargeld, Genehmigungen, Zertifikate, Post und Fax"
RB02-C31,Kleiner Fertigungsbetrieb,medium,true,https://www.reddit.com/r/smallbusiness/comments/9qmyad/inventory_management_software_for_a_manufacturing/,"Benötigt WIP, Produktionsauftrag, Stückliste und Kosten neben Zoho Books"
RB02-C32,Luxus-Einzelhandel,medium,true,https://www.reddit.com/r/smallbusiness/comments/1uq2mug/how_do_you_lot_keep_track_of_regular_customers/,"Kundenwissen verteilt auf WhatsApp, Tabellen und Mitarbeitergedächtnis"
RB02-C33,Kleine Hautpflegemarke,low,false,https://www.reddit.com/r/smallbusiness/comments/1s53txb/my_friend_runs_her_business_from_one_whatsapp/,"Zweitbericht: persönliches WhatsApp für Anfragen, Tracking, Beschwerden und Warenkorbnachfassen"
RB02-C34,Kleiner Dienstleistungsbetrieb,medium,true,https://www.reddit.com/r/smallbusiness/comments/1noa6lt/anyone_else_lose_their_mind_doing_bookkeeping/,"Monatliches Kopieren von Bankbewegungen, Suche nach Mailbelegen und Zahlungsabgleich"
RB02-C35,Kleines Brewpub,low,false,https://www.reddit.com/r/smallbusiness/comments/1l1sa9g/how_are_you_getting_financial_info_about_your/,"Zweitbericht über QuickBooks- und Tabellenaufwand für Marge, Forderung und Cashflow"
